{"cameraMode":{"drawMode":0,"name":"Shaded","section":"Shading Mode"},"sceneLighting":false,"audioPlay":false,"sceneViewState":{"showFog":true,"showMaterialUpdate":false,"showSkybox":true,"showFlares":true,"showImageEffects":true,"showParticleSystems":true},"in2DMode":false,"pivot":{"x":3.9769859313964845,"y":15.571600914001465,"z":-0.373382568359375},"rotation":{"x":-0.11202137172222138,"y":0.3441767692565918,"z":0.041341982781887057,"w":0.9312965869903565},"size":40.09284591674805,"orthographic":false}