{"cameraMode":{"drawMode":0,"name":"Shaded","section":"Shading Mode"},"sceneLighting":false,"audioPlay":false,"sceneViewState":{"showFog":true,"showMaterialUpdate":false,"showSkybox":false,"showFlares":true,"showImageEffects":true,"showParticleSystems":true},"in2DMode":false,"pivot":{"x":7.214778900146484,"y":-2.999904155731201,"z":-10.299591064453125},"rotation":{"x":0.11341630667448044,"y":0.7578237056732178,"z":-0.1370084136724472,"w":0.6277735233306885},"size":35.053279876708987,"orthographic":false}