{"cameraMode":{"drawMode":0,"name":"Shaded","section":"Shading Mode"},"sceneLighting":true,"audioPlay":false,"sceneViewState":{"showFog":true,"showMaterialUpdate":false,"showSkybox":true,"showFlares":true,"showImageEffects":true,"showParticleSystems":true},"in2DMode":false,"pivot":{"x":12.412262916564942,"y":-0.16006194055080415,"z":-15.79144287109375},"rotation":{"x":-0.028853483498096467,"y":0.8592424988746643,"z":0.04876309260725975,"w":0.5084217190742493},"size":58.00799560546875,"orthographic":false}